Item Name,Qty,Price (total) (USD),Item link,Notes
Orpheus Pico,1,$10.50,https://www.ebay.com/itm/177652111789,"Could not find the Orpheus Pico, so getting a Raspberry Pi Pico with Type C port to replace it."
90 Pice Switches,1,$16.90,https://www.amazon.com/Switches-Mechanical-Keyboard-Replaceable-Dustproof/dp/B0G1FX6C5B/ref=sr_1_2_sspa?crid=3LOGLQ3H53PY2&dib=eyJ2IjoiMSJ9.szysnYrEXxnQTiFG3j5MqzepCzmB3nr1RShuOIfJWhuAjxXyCaucMjx3NMHf1f_KgTrJiSUf_ox4MtQofgg5BcnkuaRaW2CL5sPxe2MbZt-yJAGVRYov7uw2On10YHz-c3wpX5V9VfiOcXbwnq3a4jGH3QvrljaVoGbdAp8VeoO6QFBtqWfqa_JbXZDQQBxYc0UiM_q__RalXFSgo_Q5xVWbVqPD5GaKSvTjVfEy9ABnHf8NyYyL0BA7YJxj4hWULNKNMLF_NyjKr6q5piaan-ct-7e8vxkzfiAo_n5Bu7w.kmkOlrIjVszdE8TjJgXJgUoS2GJtTlPh-cPnSjm87Uc&dib_tag=se&keywords=Outemu%2BSwitch%2BMechanical%2BKeyboard%2BSwitch%2B3Pin%2BClicky%2BLinear%2BTactile%2BSilent%2BSwitches%2BRGB%2BLED%2BSMD%2BGaming%2BCompatible%2BWith%2BMX%2BSwitch&nsdOptOutParam=true&qid=1790747862&s=industrial&sprefix=outemu%2Bswitch%2Bmechanical%2Bkeyboard%2Bswitch%2B3pin%2Bclicky%2Blinear%2Btactile%2Bsilent%2Bswitches%2Brgb%2Bled%2Bsmd%2Bgaming%2Bcompatible%2Bwith%2Bmx%2Bswitch%2Cindustrial%2C254&sr=1-2-spons&sp_csd=d2lkZ2V0TmFtZT1zcF9hdGY&th=1,
Diodes,1,$5.99,https://www.amazon.com/EEEEE-Switching-MILLIAMP-Electronic-Silicon/dp/B0FC289DVH/ref=sr_1_4?crid=318ET3IOQOT63&dib=eyJ2IjoiMSJ9.5f18Rx_7lMSBN-40Nk5_sUswWWZAdP4KuSHq8nsHQZ-FNzTmMZkzISU87psnmW9pcqrw-1w7CLhusIdY_i95gUXrp6KPFZjsTK6g8SEHDLrLX_ZxvICPewR5hjemWdlsV0ThD_3fsvzpL8UuDDSXxZYQHdLG6WQzP-zDDgduRUf04znQHIYm8ODhXA30cijgnQCBgIrf8sV_d3GUI9W5ZxNLRIUN8Lp1JwHFl-yJ_h4q5MXzIZwBMiwk3WevCRES60cjNImriT-03uhRacPnX5q43TyxrD8K9rG3m3w7FGY.gOW2tUcBvm7NOX4hOu8MkyaKuetzNAzUixzDuzAn7Qo&dib_tag=se&keywords=diode%2B1n4148&qid=1790748019&s=industrial&sprefix=diode%2B1n4148%2Cindustrial%2C275&sr=1-4&th=1,
PCB,,,,
Case,,,,
,,,,
,,,,
,,,,
,,,,
,,,,
,,,,
,,,,
,,,,
,,,,
,,,,
,,,,
,,,,
,,,,
,,,,
Total Price (USD):,$33.39,,,
